Series_Title,Genre,IMDB_Rating,Overview
The Last Horizon 2,"Adventure, Drama",9.0,A determined explorer inspires hope while leading a dangerous journey across unknown lands.
Silent Echo 2,"Mystery, Thriller",8.4,A detective uncovers hidden truths in a quiet town filled with secrets.
City of Dreams 2,"Drama, Romance",8.2,Two strangers chase their ambitions and discover love through hardship.
Cosmic Voyage 2,"Sci-Fi, Adventure",8.9,A brave crew travels beyond the solar system to save humanity.
Hidden Justice 2,"Crime, Drama",8.5,An honest lawyer fights corruption despite overwhelming pressure.
Laugh Again 2,Comedy,7.9,A cheerful comedian helps people rediscover happiness.
Midnight Escape 2,"Action, Thriller",8.1,A skilled agent races against time to stop a dangerous conspiracy.
Ocean's Secret 2,"Adventure, Mystery",8.0,Divers discover an ancient mystery beneath the sea.
Broken Melody 2,"Drama, Music",8.3,A musician rebuilds life after a personal tragedy.
Sky Warriors 2,"Action, Adventure",8.6,Elite pilots protect their nation during a critical mission.
Forgotten Kingdom 2,"Fantasy, Adventure",8.8,Young heroes unite to restore peace to a magical kingdom.
Dark Signal 2,"Horror, Thriller",7.8,A strange radio transmission awakens terrifying events.
Golden Harvest 2,"Family, Drama",8.0,A farming family overcomes challenges with courage and unity.
The Inventor 2,"Biography, Drama",8.2,A visionary engineer changes the world through persistence.
Final Checkmate 2,"Drama, Sport",8.1,A young chess player battles self-doubt before a championship.
Shadow Hunter 2,"Action, Crime",8.3,A fearless officer hunts a powerful criminal network.
Beyond the Rain 2,"Romance, Drama",7.9,Childhood friends reunite and confront old emotions.
Frozen Peak 2,"Adventure, Thriller",8.4,Climbers struggle to survive an unforgiving mountain.
Future Code 2,"Sci-Fi, Thriller",8.7,A programmer discovers an AI capable of predicting disasters.
Village Hero 2,Drama,7.8,A humble teacher transforms an entire community.
Lost Compass 2,Adventure,8.1,Teenagers find purpose during a wilderness expedition.
Neon Streets 2,"Crime, Thriller",8.5,An undercover detective risks everything to expose a syndicate.
Heartstrings 2,"Romance, Music",8.0,Music brings two artists together despite their differences.
Galaxy Rescue 2,"Sci-Fi, Action",8.6,A rescue team saves colonies from an alien threat.
Mountain Whisper 2,Drama,8.1,A writer finds healing in a peaceful mountain village.
Ancient Flame 2,"History, Drama",8.3,A kingdom fights to preserve its legacy.
Secret Formula 2,"Comedy, Family",7.9,A family invents a surprising recipe that changes their lives.
Parallel Lives 2,"Sci-Fi, Drama",8.4,A scientist encounters alternate versions of herself.
Crimson Night 2,Thriller,8.0,A journalist uncovers a dangerous political scandal.
Wild Frontier 2,"Western, Adventure",8.2,Settlers defend their home against impossible odds.
The Painter 2,"Biography, Romance",8.1,An artist finds inspiration through unexpected friendship.
Desert Storm 2,Action,8.3,A rescue mission tests courage in harsh conditions.
Crystal Lake 2,Mystery,7.9,Visitors uncover a decades-old disappearance.
Dream Chasers 2,"Family, Comedy",8.0,Friends work together to achieve impossible goals.
Infinite Loop 2,Sci-Fi,8.5,A time loop forces a scientist to rethink every decision.
Victory Road 2,"Sport, Drama",8.2,An underdog team fights for a national title.
Hidden Letters 2,Drama,8.1,Old letters reconnect generations of a family.
Steel Guardian 2,"Action, Sci-Fi",8.4,An advanced robot protects innocent lives.
Moonlight Promise 2,Romance,7.9,A heartfelt promise changes two lives forever.
The Green Planet 2,Documentary,8.7,A visually stunning journey through Earth's ecosystems.
The Last Horizon 3,"Adventure, Drama",8.8,A determined explorer inspires hope while leading a dangerous journey across unknown lands.
Silent Echo 3,"Mystery, Thriller",8.2,A detective uncovers hidden truths in a quiet town filled with secrets.
City of Dreams 3,"Drama, Romance",8.0,Two strangers chase their ambitions and discover love through hardship.
Cosmic Voyage 3,"Sci-Fi, Adventure",8.7,A brave crew travels beyond the solar system to save humanity.
Hidden Justice 3,"Crime, Drama",8.3,An honest lawyer fights corruption despite overwhelming pressure.
Laugh Again 3,Comedy,7.7,A cheerful comedian helps people rediscover happiness.
Midnight Escape 3,"Action, Thriller",7.9,A skilled agent races against time to stop a dangerous conspiracy.
Ocean's Secret 3,"Adventure, Mystery",7.8,Divers discover an ancient mystery beneath the sea.
Broken Melody 3,"Drama, Music",8.1,A musician rebuilds life after a personal tragedy.
Sky Warriors 3,"Action, Adventure",8.4,Elite pilots protect their nation during a critical mission.
Forgotten Kingdom 3,"Fantasy, Adventure",8.6,Young heroes unite to restore peace to a magical kingdom.
Dark Signal 3,"Horror, Thriller",7.6,A strange radio transmission awakens terrifying events.
Golden Harvest 3,"Family, Drama",7.8,A farming family overcomes challenges with courage and unity.
The Inventor 3,"Biography, Drama",8.0,A visionary engineer changes the world through persistence.
Final Checkmate 3,"Drama, Sport",7.9,A young chess player battles self-doubt before a championship.
Shadow Hunter 3,"Action, Crime",8.1,A fearless officer hunts a powerful criminal network.
Beyond the Rain 3,"Romance, Drama",7.7,Childhood friends reunite and confront old emotions.
Frozen Peak 3,"Adventure, Thriller",8.2,Climbers struggle to survive an unforgiving mountain.
Future Code 3,"Sci-Fi, Thriller",8.5,A programmer discovers an AI capable of predicting disasters.
Village Hero 3,Drama,7.6,A humble teacher transforms an entire community.
Lost Compass 3,Adventure,7.9,Teenagers find purpose during a wilderness expedition.
Neon Streets 3,"Crime, Thriller",8.3,An undercover detective risks everything to expose a syndicate.
Heartstrings 3,"Romance, Music",7.8,Music brings two artists together despite their differences.
Galaxy Rescue 3,"Sci-Fi, Action",8.4,A rescue team saves colonies from an alien threat.
Mountain Whisper 3,Drama,7.9,A writer finds healing in a peaceful mountain village.
Ancient Flame 3,"History, Drama",8.1,A kingdom fights to preserve its legacy.
Secret Formula 3,"Comedy, Family",7.7,A family invents a surprising recipe that changes their lives.
Parallel Lives 3,"Sci-Fi, Drama",8.2,A scientist encounters alternate versions of herself.
Crimson Night 3,Thriller,7.8,A journalist uncovers a dangerous political scandal.
Wild Frontier 3,"Western, Adventure",8.0,Settlers defend their home against impossible odds.
The Painter 3,"Biography, Romance",7.9,An artist finds inspiration through unexpected friendship.
Desert Storm 3,Action,8.1,A rescue mission tests courage in harsh conditions.
Crystal Lake 3,Mystery,7.7,Visitors uncover a decades-old disappearance.
Dream Chasers 3,"Family, Comedy",7.8,Friends work together to achieve impossible goals.
Infinite Loop 3,Sci-Fi,8.3,A time loop forces a scientist to rethink every decision.
Victory Road 3,"Sport, Drama",8.0,An underdog team fights for a national title.
Hidden Letters 3,Drama,7.9,Old letters reconnect generations of a family.
Steel Guardian 3,"Action, Sci-Fi",8.2,An advanced robot protects innocent lives.
Moonlight Promise 3,Romance,7.7,A heartfelt promise changes two lives forever.
The Green Planet 3,Documentary,8.5,A visually stunning journey through Earth's ecosystems.
The Last Horizon,"Adventure, Drama",8.9,A determined explorer inspires hope while leading a dangerous journey across unknown lands.
Silent Echo,"Mystery, Thriller",8.3,A detective uncovers hidden truths in a quiet town filled with secrets.
City of Dreams,"Drama, Romance",8.1,Two strangers chase their ambitions and discover love through hardship.
Cosmic Voyage,"Sci-Fi, Adventure",8.8,A brave crew travels beyond the solar system to save humanity.
Hidden Justice,"Crime, Drama",8.4,An honest lawyer fights corruption despite overwhelming pressure.
Laugh Again,Comedy,7.8,A cheerful comedian helps people rediscover happiness.
Midnight Escape,"Action, Thriller",8.0,A skilled agent races against time to stop a dangerous conspiracy.
Ocean's Secret,"Adventure, Mystery",7.9,Divers discover an ancient mystery beneath the sea.
Broken Melody,"Drama, Music",8.2,A musician rebuilds life after a personal tragedy.
Sky Warriors,"Action, Adventure",8.5,Elite pilots protect their nation during a critical mission.
Forgotten Kingdom,"Fantasy, Adventure",8.7,Young heroes unite to restore peace to a magical kingdom.
Dark Signal,"Horror, Thriller",7.7,A strange radio transmission awakens terrifying events.
Golden Harvest,"Family, Drama",7.9,A farming family overcomes challenges with courage and unity.
The Inventor,"Biography, Drama",8.1,A visionary engineer changes the world through persistence.
Final Checkmate,"Drama, Sport",8.0,A young chess player battles self-doubt before a championship.
Shadow Hunter,"Action, Crime",8.2,A fearless officer hunts a powerful criminal network.
Beyond the Rain,"Romance, Drama",7.8,Childhood friends reunite and confront old emotions.
Frozen Peak,"Adventure, Thriller",8.3,Climbers struggle to survive an unforgiving mountain.
Future Code,"Sci-Fi, Thriller",8.6,A programmer discovers an AI capable of predicting disasters.
Village Hero,Drama,7.7,A humble teacher transforms an entire community.
Lost Compass,Adventure,8.0,Teenagers find purpose during a wilderness expedition.
Neon Streets,"Crime, Thriller",8.4,An undercover detective risks everything to expose a syndicate.
Heartstrings,"Romance, Music",7.9,Music brings two artists together despite their differences.
Galaxy Rescue,"Sci-Fi, Action",8.5,A rescue team saves colonies from an alien threat.
Mountain Whisper,Drama,8.0,A writer finds healing in a peaceful mountain village.
Ancient Flame,"History, Drama",8.2,A kingdom fights to preserve its legacy.
Secret Formula,"Comedy, Family",7.8,A family invents a surprising recipe that changes their lives.
Parallel Lives,"Sci-Fi, Drama",8.3,A scientist encounters alternate versions of herself.
Crimson Night,Thriller,7.9,A journalist uncovers a dangerous political scandal.
Wild Frontier,"Western, Adventure",8.1,Settlers defend their home against impossible odds.
The Painter,"Biography, Romance",8.0,An artist finds inspiration through unexpected friendship.
Desert Storm,Action,8.2,A rescue mission tests courage in harsh conditions.
Crystal Lake,Mystery,7.8,Visitors uncover a decades-old disappearance.
Dream Chasers,"Family, Comedy",7.9,Friends work together to achieve impossible goals.
Infinite Loop,Sci-Fi,8.4,A time loop forces a scientist to rethink every decision.
Victory Road,"Sport, Drama",8.1,An underdog team fights for a national title.
Hidden Letters,Drama,8.0,Old letters reconnect generations of a family.
Steel Guardian,"Action, Sci-Fi",8.3,An advanced robot protects innocent lives.
Moonlight Promise,Romance,7.8,A heartfelt promise changes two lives forever.
The Green Planet,Documentary,8.6,A visually stunning journey through Earth's ecosystems.
